"","country","date","hicp"
"1","Albania",2017-01-01,0.04
"2","Albania",2017-02-01,0.037
"3","Albania",2017-03-01,0.038
"4","Albania",2017-04-01,0.036
"5","Albania",2017-05-01,0.034
"6","Albania",2017-06-01,0.037
"7","Albania",2017-07-01,0.03
"8","Albania",2017-08-01,0.025
"9","Albania",2017-09-01,0.027
"10","Albania",2017-10-01,0.032
"11","Albania",2017-11-01,0.024
"12","Albania",2017-12-01,0.024
"13","Albania",2018-01-01,0.017
"14","Albania",2018-02-01,0.017
"15","Albania",2018-03-01,0.014
"16","Albania",2018-04-01,0.017
"17","Albania",2018-05-01,0.018
"18","Albania",2018-06-01,0.021
"19","Albania",2018-07-01,0.023
"20","Albania",2018-08-01,0.021
"21","Albania",2018-09-01,0.019
"22","Albania",2018-10-01,0.012
"23","Albania",2018-11-01,0.014
"24","Albania",2018-12-01,0.018
"25","Albania",2019-01-01,0.024
"26","Albania",2019-02-01,0.022
"27","Albania",2019-03-01,0.014
"28","Albania",2019-04-01,0.015
"29","Albania",2019-05-01,0.016
"30","Albania",2019-06-01,0.015
"31","Albania",2019-07-01,0.015
"32","Albania",2019-08-01,0.015
"33","Albania",2019-09-01,0.014
"34","Albania",2019-10-01,0.016
"35","Albania",2019-11-01,0.018
"36","Albania",2019-12-01,0.014
"37","Albania",2020-01-01,0.016
"38","Albania",2020-02-01,0.014
"39","Albania",2020-03-01,0.026
"40","Albania",2020-04-01,0.023
"41","Albania",2020-05-01,0.027
"42","Albania",2020-06-01,0.022
"43","Albania",2020-07-01,0.021
"44","Albania",2020-08-01,0.021
"45","Albania",2020-09-01,0.023
"46","Albania",2020-10-01,0.029
"47","Albania",2020-11-01,0.022
"48","Albania",2020-12-01,0.015
"49","Albania",2021-01-01,0.006
"50","Albania",2021-02-01,0.013
"51","Albania",2021-03-01,0.014
"52","Albania",2021-04-01,0.021
"53","Albania",2021-05-01,0.024
"54","Albania",2021-06-01,0.021
"55","Albania",2021-07-01,0.027
"56","Albania",2021-08-01,0.027
"57","Albania",2021-09-01,0.026
"58","Albania",2021-10-01,0.025
"59","Albania",2021-11-01,0.033
"60","Albania",2021-12-01,0.038
"61","Albania",2022-01-01,0.038
"62","Albania",2022-02-01,0.04
"63","Albania",2022-03-01,0.057
"64","Albania",2022-04-01,0.061
"65","Albania",2022-05-01,0.06
"66","Albania",2022-06-01,0.066
"67","Montenegro",2011-01-01,0.018638589559566
"68","Montenegro",2011-02-01,0.0265855274567892
"69","Montenegro",2011-03-01,0.0370441740080956
"70","Montenegro",2011-04-01,0.0354238977493797
"71","Montenegro",2011-05-01,0.0372754455232382
"72","Montenegro",2011-06-01,0.0387338085675744
"73","Montenegro",2011-07-01,0.0302774703638202
"74","Montenegro",2011-08-01,0.0357606653108316
"75","Montenegro",2011-09-01,0.0367544194371507
"76","Montenegro",2011-10-01,0.0394056712672954
"77","Montenegro",2011-11-01,0.0347654313604864
"78","Montenegro",2011-12-01,0.0301401045960434
"79","Montenegro",2012-01-01,0.031336319067238
"80","Montenegro",2012-02-01,0.0313039809608056
"81","Montenegro",2012-03-01,0.0214716234849466
"82","Montenegro",2012-04-01,0.0294670134614139
"83","Montenegro",2012-05-01,0.0355346794667535
"84","Montenegro",2012-06-01,0.0440655523464091
"85","Montenegro",2012-07-01,0.0548238416793303
"86","Montenegro",2012-08-01,0.0498838749404076
"87","Montenegro",2012-09-01,0.0464625471804898
"88","Montenegro",2012-10-01,0.0489311614673973
"89","Montenegro",2012-11-01,0.0483434329287418
"90","Montenegro",2012-12-01,0.0440221917359913
"91","Montenegro",2013-01-01,0.0377458608450831
"92","Montenegro",2013-02-01,0.0314777458227196
"93","Montenegro",2013-03-01,0.0296238072703785
"94","Montenegro",2013-04-01,0.0243854118308662
"95","Montenegro",2013-05-01,0.0212033324574172
"96","Montenegro",2013-06-01,0.0151431530502308
"97","Montenegro",2013-07-01,0.0215656118785044
"98","Montenegro",2013-08-01,0.0172095450764937
"99","Montenegro",2013-09-01,0.0152618633243407
"100","Montenegro",2013-10-01,0.00344150487764927
"101","Montenegro",2013-11-01,0.000495155979220785
"102","Montenegro",2013-12-01,0.00385385334277322
"103","Montenegro",2014-01-01,0.00135076066692319
"104","Montenegro",2014-02-01,-0.000180021957261189
"105","Montenegro",2014-03-01,-0.00428584249366903
"106","Montenegro",2014-04-01,-0.00781878990781748
"107","Montenegro",2014-05-01,-0.00711628841755296
"108","Montenegro",2014-06-01,0.00167291931773317
"109","Montenegro",2014-07-01,-0.00866860898074684
"110","Montenegro",2014-08-01,-0.00720251756002066
"111","Montenegro",2014-09-01,-0.00857341240923215
"112","Montenegro",2014-10-01,-0.00751321324232979
"113","Montenegro",2014-11-01,-0.00323886963289222
"114","Montenegro",2014-12-01,-0.00550350623699858
"115","Montenegro",2015-01-01,-0.00352117279273645
"116","Montenegro",2015-02-01,-0.00124780026480353
"117","Montenegro",2015-03-01,0.00947943100612858
"118","Montenegro",2015-04-01,0.0131821884487029
"119","Montenegro",2015-05-01,0.0155050301891557
"120","Montenegro",2015-06-01,0.0199797065082565
"121","Montenegro",2015-07-01,0.0215162486565759
"122","Montenegro",2015-08-01,0.0213492035155352
"123","Montenegro",2015-09-01,0.0231205051037746
"124","Montenegro",2015-10-01,0.0188645576966959
"125","Montenegro",2015-11-01,0.0174413381499585
"126","Montenegro",2015-12-01,0.0169880269461
"127","Montenegro",2016-01-01,0.0135628242592767
"128","Montenegro",2016-02-01,0.00746874466169078
"129","Montenegro",2016-03-01,-0.00440005133657584
"130","Montenegro",2016-04-01,-0.00212394991697074
"131","Montenegro",2016-05-01,-0.00424442102152045
"132","Montenegro",2016-06-01,-0.00959014388915869
"133","Montenegro",2016-07-01,-0.0065491772981332
"134","Montenegro",2016-08-01,-0.00499856525256426
"135","Montenegro",2016-09-01,-0.00136325522550107
"136","Montenegro",2016-10-01,0.00345473715251132
"137","Montenegro",2016-11-01,0.00676559247904973
"138","Montenegro",2016-12-01,0.0104819609450988
"139","Montenegro",2017-01-01,0.0205560294501559
"140","Montenegro",2017-02-01,0.025276248835348
"141","Montenegro",2017-03-01,0.027895476005442
"142","Montenegro",2017-04-01,0.0240767784553204
"143","Montenegro",2017-05-01,0.0255622399151074
"144","Montenegro",2017-06-01,0.0244227341673384
"145","Montenegro",2017-07-01,0.0317910333150087
"146","Montenegro",2017-08-01,0.0339191938854375
"147","Montenegro",2017-09-01,0.0326351237198257
"148","Montenegro",2017-10-01,0.029118941800087
"149","Montenegro",2017-11-01,0.0302102464149057
"150","Montenegro",2017-12-01,0.0290383731571697
"151","Montenegro",2018-01-01,0.0357034343268559
"152","Montenegro",2018-02-01,0.0372627672963324
"153","Montenegro",2018-03-01,0.0388815259000557
"154","Montenegro",2018-04-01,0.0381322172896015
"155","Montenegro",2018-05-01,0.0364594332460686
"156","Montenegro",2018-06-01,0.0360310259173566
"157","Montenegro",2018-07-01,0.0300536605236033
"158","Montenegro",2018-08-01,0.0255353686637196
"159","Montenegro",2018-09-01,0.0168853021282152
"160","Montenegro",2018-10-01,0.0169502142682705
"161","Montenegro",2018-11-01,0.0174108420468961
"162","Montenegro",2018-12-01,0.0152051772534041
"163","Montenegro",2019-01-01,0.00252403096018039
"164","Montenegro",2019-02-01,0.0030116106534166
"165","Montenegro",2019-03-01,0.00732034198316867
"166","Montenegro",2019-04-01,0.00883487733314237
"167","Montenegro",2019-05-01,0.00630420259441489
"168","Montenegro",2019-06-01,-0.000830209478723698
"169","Montenegro",2019-07-01,-0.00447546835110491
"170","Montenegro",2019-08-01,-0.00169061877820131
"171","Montenegro",2019-09-01,0.00322958238119542
"172","Montenegro",2019-10-01,0.0117800361284552
"173","Montenegro",2019-11-01,0.00924224142999508
"174","Montenegro",2019-12-01,0.012170549492365
"175","Montenegro",2020-01-01,0.0109888824453668
"176","Montenegro",2020-02-01,0.0063682713951565
"177","Montenegro",2020-03-01,-0.00246037366905916
"178","Montenegro",2020-04-01,-0.0106719456673063
"179","Montenegro",2020-05-01,-0.012758689698096
"180","Montenegro",2020-06-01,-0.0101805747094006
"181","Montenegro",2020-07-01,-0.0155805282119417
"182","Montenegro",2020-08-01,-0.0164235403409823
"183","Montenegro",2020-09-01,-0.00855477340755617
"184","Montenegro",2020-10-01,-0.0122761852085466
"185","Montenegro",2020-11-01,-0.0139899503168208
"186","Montenegro",2020-12-01,-0.0128449682477095
"187","Montenegro",2021-01-01,-0.00719323283052409
"188","Montenegro",2021-02-01,-0.00181533453752536
"189","Montenegro",2021-03-01,0.0054884499005925
"190","Montenegro",2021-04-01,0.0177367988597372
"191","Montenegro",2021-05-01,0.0230916518326716
"192","Montenegro",2021-06-01,0.028325911618027
"193","Montenegro",2021-07-01,0.0362319389248853
"194","Montenegro",2021-08-01,0.038475731328443
"195","Montenegro",2021-09-01,0.0356605788330773
"196","Montenegro",2021-10-01,0.0391054278590288
"197","Montenegro",2021-11-01,0.0444354529496309
"198","Montenegro",2021-12-01,0.0454436575975503
"199","Montenegro",2022-01-01,0.0543146287781819
"200","Montenegro",2022-02-01,0.0635963965465329
"201","Montenegro",2022-03-01,0.0874110458698483
"202","Montenegro",2022-04-01,0.102073667355221
"203","Montenegro",2022-05-01,0.106117389008287
"204","Montenegro",2022-06-01,0.118944556010799
"205","North Macedonia",2005-12-01,0.009
"206","North Macedonia",2006-01-01,0.032
"207","North Macedonia",2006-02-01,0.03
"208","North Macedonia",2006-03-01,0.032
"209","North Macedonia",2006-04-01,0.036
"210","North Macedonia",2006-05-01,0.046
"211","North Macedonia",2006-06-01,0.037
"212","North Macedonia",2006-07-01,0.043
"213","North Macedonia",2006-08-01,0.045
"214","North Macedonia",2006-09-01,0.035
"215","North Macedonia",2006-10-01,0.03
"216","North Macedonia",2006-11-01,0.041
"217","North Macedonia",2006-12-01,0.034
"218","Serbia",2006-12-01,0.065
"219","North Macedonia",2007-01-01,0.011
"220","Serbia",2007-01-01,0.06
"221","North Macedonia",2007-02-01,0.008
"222","Serbia",2007-02-01,0.047
"223","North Macedonia",2007-03-01,0.011
"224","Serbia",2007-03-01,0.045
"225","North Macedonia",2007-04-01,0.012
"226","Serbia",2007-04-01,0.031
"227","North Macedonia",2007-05-01,0.007
"228","Serbia",2007-05-01,0.025
"229","North Macedonia",2007-06-01,0.014
"230","Serbia",2007-06-01,0.029
"231","North Macedonia",2007-07-01,0.016
"232","Serbia",2007-07-01,0.04
"233","North Macedonia",2007-08-01,0.023
"234","Serbia",2007-08-01,0.061
"235","North Macedonia",2007-09-01,0.032
"236","Serbia",2007-09-01,0.077
"237","North Macedonia",2007-10-01,0.034
"238","Serbia",2007-10-01,0.085
"239","North Macedonia",2007-11-01,0.038
"240","Serbia",2007-11-01,0.089
"241","North Macedonia",2007-12-01,0.053
"242","Serbia",2007-12-01,0.104
"243","North Macedonia",2008-01-01,0.074
"244","Serbia",2008-01-01,0.112
"245","North Macedonia",2008-02-01,0.084
"246","Serbia",2008-02-01,0.121
"247","North Macedonia",2008-03-01,0.089
"248","Serbia",2008-03-01,0.133
"249","North Macedonia",2008-04-01,0.09
"250","Serbia",2008-04-01,0.147
"251","North Macedonia",2008-05-01,0.085
"252","Serbia",2008-05-01,0.141
"253","North Macedonia",2008-06-01,0.09
"254","Serbia",2008-06-01,0.141
"255","North Macedonia",2008-07-01,0.083
"256","Serbia",2008-07-01,0.13
"257","North Macedonia",2008-08-01,0.076
"258","Serbia",2008-08-01,0.109
"259","North Macedonia",2008-09-01,0.067
"260","Serbia",2008-09-01,0.104
"261","North Macedonia",2008-10-01,0.07
"262","Serbia",2008-10-01,0.115
"263","North Macedonia",2008-11-01,0.057
"264","Serbia",2008-11-01,0.103
"265","North Macedonia",2008-12-01,0.049
"266","Serbia",2008-12-01,0.081
"267","North Macedonia",2009-01-01,0.026
"268","Serbia",2009-01-01,0.096
"269","North Macedonia",2009-02-01,0.015
"270","Serbia",2009-02-01,0.104
"271","North Macedonia",2009-03-01,0.011
"272","Serbia",2009-03-01,0.091
"273","North Macedonia",2009-04-01,0.004
"274","Serbia",2009-04-01,0.083
"275","North Macedonia",2009-05-01,0.012
"276","Serbia",2009-05-01,0.085
"277","North Macedonia",2009-06-01,-0.009
"278","Serbia",2009-06-01,0.087
"279","North Macedonia",2009-07-01,-0.007
"280","Serbia",2009-07-01,0.089
"281","North Macedonia",2009-08-01,-0.008
"282","Serbia",2009-08-01,0.084
"283","North Macedonia",2009-09-01,-0.007
"284","Serbia",2009-09-01,0.076
"285","North Macedonia",2009-10-01,-0.017
"286","Serbia",2009-10-01,0.057
"287","North Macedonia",2009-11-01,-0.015
"288","Serbia",2009-11-01,0.061
"289","North Macedonia",2009-12-01,-0.011
"290","Serbia",2009-12-01,0.069
"291","North Macedonia",2010-01-01,-0.005
"292","Serbia",2010-01-01,0.05
"293","North Macedonia",2010-02-01,0.001
"294","Serbia",2010-02-01,0.04
"295","North Macedonia",2010-03-01,0.003
"296","Serbia",2010-03-01,0.049
"297","North Macedonia",2010-04-01,0.012
"298","Serbia",2010-04-01,0.046
"299","North Macedonia",2010-05-01,-0.007
"300","Serbia",2010-05-01,0.044
"301","North Macedonia",2010-06-01,0.012
"302","Serbia",2010-06-01,0.041
"303","North Macedonia",2010-07-01,0.01
"304","Serbia",2010-07-01,0.049
"305","North Macedonia",2010-08-01,0.015
"306","Serbia",2010-08-01,0.065
"307","North Macedonia",2010-09-01,0.016
"308","Serbia",2010-09-01,0.076
"309","North Macedonia",2010-10-01,0.024
"310","Serbia",2010-10-01,0.087
"311","North Macedonia",2010-11-01,0.024
"312","Serbia",2010-11-01,0.094
"313","North Macedonia",2010-12-01,0.023
"314","Serbia",2010-12-01,0.102
"315","North Macedonia",2011-01-01,0.026
"316","Serbia",2011-01-01,0.111
"317","North Macedonia",2011-02-01,0.03
"318","Serbia",2011-02-01,0.123
"319","North Macedonia",2011-03-01,0.039
"320","Serbia",2011-03-01,0.138
"321","North Macedonia",2011-04-01,0.036
"322","Serbia",2011-04-01,0.144
"323","North Macedonia",2011-05-01,0.042
"324","Serbia",2011-05-01,0.135
"325","North Macedonia",2011-06-01,0.034
"326","Serbia",2011-06-01,0.129
"327","North Macedonia",2011-07-01,0.034
"328","Serbia",2011-07-01,0.122
"329","North Macedonia",2011-08-01,0.032
"330","Serbia",2011-08-01,0.107
"331","North Macedonia",2011-09-01,0.03
"332","Serbia",2011-09-01,0.094
"333","North Macedonia",2011-10-01,0.028
"334","Serbia",2011-10-01,0.088
"335","North Macedonia",2011-11-01,0.03
"336","Serbia",2011-11-01,0.083
"337","North Macedonia",2011-12-01,0.021
"338","Serbia",2011-12-01,0.069
"339","North Macedonia",2012-01-01,0.02
"340","Serbia",2012-01-01,0.055
"341","North Macedonia",2012-02-01,0.015
"342","Serbia",2012-02-01,0.048
"343","North Macedonia",2012-03-01,0.003
"344","Serbia",2012-03-01,0.032
"345","North Macedonia",2012-04-01,0.01
"346","Serbia",2012-04-01,0.026
"347","North Macedonia",2012-05-01,0.009
"348","Serbia",2012-05-01,0.045
"349","North Macedonia",2012-06-01,0.01
"350","Serbia",2012-06-01,0.06
"351","North Macedonia",2012-07-01,0.008
"352","Serbia",2012-07-01,0.062
"353","North Macedonia",2012-08-01,0.021
"354","Serbia",2012-08-01,0.079
"355","North Macedonia",2012-09-01,0.033
"356","Serbia",2012-09-01,0.103
"357","North Macedonia",2012-10-01,0.033
"358","Serbia",2012-10-01,0.129
"359","North Macedonia",2012-11-01,0.028
"360","Serbia",2012-11-01,0.122
"361","North Macedonia",2012-12-01,0.029
"362","Serbia",2012-12-01,0.124
"363","North Macedonia",2013-01-01,0.027
"364","Serbia",2013-01-01,0.127
"365","North Macedonia",2013-02-01,0.025
"366","Serbia",2013-02-01,0.124
"367","North Macedonia",2013-03-01,0.024
"368","Serbia",2013-03-01,0.112
"369","North Macedonia",2013-04-01,0.038
"370","Serbia",2013-04-01,0.115
"371","North Macedonia",2013-05-01,0.036
"372","Serbia",2013-05-01,0.095
"373","North Macedonia",2013-06-01,0.041
"374","Serbia",2013-06-01,0.096
"375","North Macedonia",2013-07-01,0.037
"376","Serbia",2013-07-01,0.087
"377","North Macedonia",2013-08-01,0.03
"378","Serbia",2013-08-01,0.074
"379","North Macedonia",2013-09-01,0.019
"380","Serbia",2013-09-01,0.05
"381","North Macedonia",2013-10-01,0.016
"382","Serbia",2013-10-01,0.024
"383","North Macedonia",2013-11-01,0.014
"384","Serbia",2013-11-01,0.018
"385","North Macedonia",2013-12-01,0.019
"386","Serbia",2013-12-01,0.023
"387","North Macedonia",2014-01-01,0.015
"388","Serbia",2014-01-01,0.03
"389","North Macedonia",2014-02-01,0.013
"390","Serbia",2014-02-01,0.026
"391","North Macedonia",2014-03-01,0.009
"392","Serbia",2014-03-01,0.025
"393","North Macedonia",2014-04-01,-0.014
"394","Serbia",2014-04-01,0.023
"395","North Macedonia",2014-05-01,-0.006
"396","Serbia",2014-05-01,0.025
"397","North Macedonia",2014-06-01,-0.012
"398","Serbia",2014-06-01,0.015
"399","North Macedonia",2014-07-01,0.002
"400","Serbia",2014-07-01,0.025
"401","North Macedonia",2014-08-01,-0.005
"402","Serbia",2014-08-01,0.019
"403","North Macedonia",2014-09-01,-0.004
"404","Serbia",2014-09-01,0.025
"405","North Macedonia",2014-10-01,-0.001
"406","Serbia",2014-10-01,0.02
"407","North Macedonia",2014-11-01,0.001
"408","Serbia",2014-11-01,0.024
"409","North Macedonia",2014-12-01,-0.002
"410","Serbia",2014-12-01,0.019
"411","North Macedonia",2015-01-01,-0.007
"412","Serbia",2015-01-01,0.004
"413","North Macedonia",2015-02-01,-0.006
"414","Serbia",2015-02-01,0.008
"415","North Macedonia",2015-03-01,0.001
"416","Serbia",2015-03-01,0.016
"417","North Macedonia",2015-04-01,0.004
"418","Serbia",2015-04-01,0.016
"419","North Macedonia",2015-05-01,0.004
"420","Serbia",2015-05-01,0.013
"421","North Macedonia",2015-06-01,0.01
"422","Serbia",2015-06-01,0.019
"423","North Macedonia",2015-07-01,0.003
"424","Serbia",2015-07-01,0.012
"425","North Macedonia",2015-08-01,0.007
"426","Serbia",2015-08-01,0.022
"427","North Macedonia",2015-09-01,0.005
"428","Serbia",2015-09-01,0.016
"429","North Macedonia",2015-10-01,-0.001
"430","Serbia",2015-10-01,0.017
"431","North Macedonia",2015-11-01,-0.002
"432","Serbia",2015-11-01,0.016
"433","North Macedonia",2015-12-01,-0.003
"434","Serbia",2015-12-01,0.018
"435","North Macedonia",2016-01-01,0.004
"436","Serbia",2016-01-01,0.027
"437","North Macedonia",2016-02-01,0.002
"438","Serbia",2016-02-01,0.019
"439","North Macedonia",2016-03-01,-0.002
"440","Serbia",2016-03-01,0.011
"441","North Macedonia",2016-04-01,-0.004
"442","Serbia",2016-04-01,0.009
"443","North Macedonia",2016-05-01,-0.001
"444","Serbia",2016-05-01,0.009
"445","North Macedonia",2016-06-01,0
"446","Serbia",2016-06-01,0.003
"447","North Macedonia",2016-07-01,0.005
"448","Serbia",2016-07-01,0.012
"449","North Macedonia",2016-08-01,0.004
"450","Serbia",2016-08-01,0.014
"451","North Macedonia",2016-09-01,0.007
"452","Serbia",2016-09-01,0.007
"453","North Macedonia",2016-10-01,0.008
"454","Serbia",2016-10-01,0.016
"455","North Macedonia",2016-11-01,0.004
"456","Serbia",2016-11-01,0.017
"457","North Macedonia",2016-12-01,0.002
"458","Serbia",2016-12-01,0.017
"459","North Macedonia",2017-01-01,0.011
"460","Serbia",2017-01-01,0.025
"461","North Macedonia",2017-02-01,0.005
"462","Serbia",2017-02-01,0.034
"463","North Macedonia",2017-03-01,0.01
"464","Serbia",2017-03-01,0.038
"465","North Macedonia",2017-04-01,0.016
"466","Serbia",2017-04-01,0.043
"467","North Macedonia",2017-05-01,0.022
"468","Serbia",2017-05-01,0.038
"469","North Macedonia",2017-06-01,0.026
"470","Serbia",2017-06-01,0.039
"471","North Macedonia",2017-07-01,0.021
"472","Serbia",2017-07-01,0.034
"473","North Macedonia",2017-08-01,0.025
"474","Serbia",2017-08-01,0.026
"475","North Macedonia",2017-09-01,0.024
"476","Serbia",2017-09-01,0.033
"477","North Macedonia",2017-10-01,0.027
"478","Serbia",2017-10-01,0.028
"479","North Macedonia",2017-11-01,0.032
"480","Serbia",2017-11-01,0.028
"481","North Macedonia",2017-12-01,0.035
"482","Serbia",2017-12-01,0.03
"483","North Macedonia",2018-01-01,0.021
"484","Serbia",2018-01-01,0.02
"485","North Macedonia",2018-02-01,0.03
"486","Serbia",2018-02-01,0.016
"487","North Macedonia",2018-03-01,0.026
"488","Serbia",2018-03-01,0.014
"489","North Macedonia",2018-04-01,0.023
"490","Serbia",2018-04-01,0.01
"491","North Macedonia",2018-05-01,0.027
"492","Serbia",2018-05-01,0.022
"493","North Macedonia",2018-06-01,0.02
"494","Serbia",2018-06-01,0.025
"495","North Macedonia",2018-07-01,0.023
"496","Serbia",2018-07-01,0.024
"497","North Macedonia",2018-08-01,0.023
"498","Serbia",2018-08-01,0.026
"499","North Macedonia",2018-09-01,0.021
"500","Serbia",2018-09-01,0.021
"501","North Macedonia",2018-10-01,0.023
"502","Serbia",2018-10-01,0.023
"503","North Macedonia",2018-11-01,0.019
"504","Serbia",2018-11-01,0.019
"505","North Macedonia",2018-12-01,0.016
"506","Serbia",2018-12-01,0.02
"507","North Macedonia",2019-01-01,0.018
"508","Serbia",2019-01-01,0.02
"509","North Macedonia",2019-02-01,0.018
"510","Serbia",2019-02-01,0.023
"511","North Macedonia",2019-03-01,0.022
"512","Serbia",2019-03-01,0.026
"513","North Macedonia",2019-04-01,0.028
"514","Serbia",2019-04-01,0.029
"515","North Macedonia",2019-05-01,0.016
"516","Serbia",2019-05-01,0.02
"517","North Macedonia",2019-06-01,-0.002
"518","Serbia",2019-06-01,0.014
"519","North Macedonia",2019-07-01,0.003
"520","Serbia",2019-07-01,0.018
"521","North Macedonia",2019-08-01,0.004
"522","Serbia",2019-08-01,0.014
"523","North Macedonia",2019-09-01,-0.003
"524","Serbia",2019-09-01,0.014
"525","North Macedonia",2019-10-01,-0.008
"526","Serbia",2019-10-01,0.011
"527","North Macedonia",2019-11-01,-0.006
"528","Serbia",2019-11-01,0.018
"529","North Macedonia",2019-12-01,-0.002
"530","Serbia",2019-12-01,0.021
"531","North Macedonia",2020-01-01,0
"532","Serbia",2020-01-01,0.023
"533","North Macedonia",2020-02-01,0
"534","Serbia",2020-02-01,0.023
"535","North Macedonia",2020-03-01,-0.003
"536","Serbia",2020-03-01,0.017
"537","North Macedonia",2020-04-01,-0.007
"538","Serbia",2020-04-01,0.012
"539","North Macedonia",2020-05-01,-0.007
"540","Serbia",2020-05-01,0.011
"541","North Macedonia",2020-06-01,0.023
"542","Serbia",2020-06-01,0.018
"543","North Macedonia",2020-07-01,0.02
"544","Serbia",2020-07-01,0.022
"545","North Macedonia",2020-08-01,0.019
"546","Serbia",2020-08-01,0.019
"547","North Macedonia",2020-09-01,0.021
"548","Serbia",2020-09-01,0.018
"549","North Macedonia",2020-10-01,0.021
"550","Serbia",2020-10-01,0.018
"551","North Macedonia",2020-11-01,0.03
"552","Serbia",2020-11-01,0.017
"553","North Macedonia",2020-12-01,0.031
"554","Serbia",2020-12-01,0.013
"555","North Macedonia",2021-01-01,0.026
"556","Serbia",2021-01-01,0.012
"557","North Macedonia",2021-02-01,0.025
"558","Serbia",2021-02-01,0.012
"559","North Macedonia",2021-03-01,0.027
"560","Serbia",2021-03-01,0.017
"561","North Macedonia",2021-04-01,0.031
"562","Serbia",2021-04-01,0.026
"563","North Macedonia",2021-05-01,0.033
"564","Serbia",2021-05-01,0.035
"565","North Macedonia",2021-06-01,0.023
"566","Serbia",2021-06-01,0.032
"567","North Macedonia",2021-07-01,0.028
"568","Serbia",2021-07-01,0.031
"569","North Macedonia",2021-08-01,0.033
"570","Serbia",2021-08-01,0.042
"571","North Macedonia",2021-09-01,0.04
"572","Serbia",2021-09-01,0.056
"573","North Macedonia",2021-10-01,0.047
"574","Serbia",2021-10-01,0.065
"575","North Macedonia",2021-11-01,0.048
"576","Serbia",2021-11-01,0.075
"577","North Macedonia",2021-12-01,0.049
"578","Serbia",2021-12-01,0.079
"579","North Macedonia",2022-01-01,0.067
"580","Serbia",2022-01-01,0.083
"581","North Macedonia",2022-02-01,0.077
"582","Serbia",2022-02-01,0.088
"583","North Macedonia",2022-03-01,0.09
"584","Serbia",2022-03-01,0.092
"585","North Macedonia",2022-04-01,0.106
"586","Serbia",2022-04-01,0.095
"587","North Macedonia",2022-05-01,0.119
"588","Serbia",2022-05-01,0.101
"589","North Macedonia",2022-06-01,0.145
"590","Serbia",2022-06-01,0.116
"591","Kosovo",2003-05-01,0.002
"592","Kosovo",2003-06-01,0.005
"593","Kosovo",2003-07-01,-0.001
"594","Kosovo",2003-08-01,-0.004
"595","Kosovo",2003-09-01,0.003
"596","Kosovo",2003-10-01,0.007
"597","Kosovo",2003-11-01,0.013
"598","Kosovo",2003-12-01,0.005
"599","Kosovo",2004-01-01,-0.001
"600","Kosovo",2004-02-01,0.006
"601","Kosovo",2004-03-01,-0.01
"602","Kosovo",2004-04-01,-0.004
"603","Kosovo",2004-05-01,-0.001
"604","Kosovo",2004-06-01,-0.001
"605","Kosovo",2004-07-01,0.013
"606","Kosovo",2004-08-01,0.011
"607","Kosovo",2004-09-01,-0.023
"608","Kosovo",2004-10-01,-0.037
"609","Kosovo",2004-11-01,-0.041
"610","Kosovo",2004-12-01,-0.037
"611","Kosovo",2005-01-01,-0.04
"612","Kosovo",2005-02-01,-0.041
"613","Kosovo",2005-03-01,-0.024
"614","Kosovo",2005-04-01,-0.027
"615","Kosovo",2005-05-01,-0.023
"616","Kosovo",2005-06-01,-0.012
"617","Kosovo",2005-07-01,-0.014
"618","Kosovo",2005-08-01,-0.009
"619","Kosovo",2005-09-01,0.006
"620","Kosovo",2005-10-01,0.008
"621","Kosovo",2005-11-01,0.005
"622","Kosovo",2005-12-01,0.007
"623","Kosovo",2006-01-01,0.006
"624","Kosovo",2006-02-01,0.013
"625","Kosovo",2006-03-01,0.001
"626","Kosovo",2006-04-01,0.005
"627","Kosovo",2006-05-01,0.01
"628","Kosovo",2006-06-01,0.007
"629","Kosovo",2006-07-01,0.009
"630","Kosovo",2006-08-01,0.008
"631","Kosovo",2006-09-01,0.002
"632","Kosovo",2006-10-01,-0.004
"633","Kosovo",2006-11-01,0.005
"634","Kosovo",2006-12-01,0.011
"635","Kosovo",2007-01-01,0.023
"636","Kosovo",2007-02-01,0.015
"637","Kosovo",2007-03-01,0.007
"638","Kosovo",2007-04-01,0.002
"639","Kosovo",2007-05-01,0.007
"640","Kosovo",2007-06-01,0.011
"641","Kosovo",2007-07-01,0.013
"642","Kosovo",2007-08-01,0.064
"643","Kosovo",2007-09-01,0.065
"644","Kosovo",2007-10-01,0.107
"645","Kosovo",2007-11-01,0.104
"646","Kosovo",2007-12-01,0.105
"647","Kosovo",2008-01-01,0.107
"648","Kosovo",2008-02-01,0.114
"649","Kosovo",2008-03-01,0.132
"650","Kosovo",2008-04-01,0.136
"651","Kosovo",2008-05-01,0.142
"652","Kosovo",2008-06-01,0.14
"653","Kosovo",2008-07-01,0.141
"654","Kosovo",2008-08-01,0.078
"655","Kosovo",2008-09-01,0.078
"656","Kosovo",2008-10-01,0.045
"657","Kosovo",2008-11-01,0.026
"658","Kosovo",2008-12-01,0.005
"659","Kosovo",2009-01-01,-0.005
"660","Kosovo",2009-02-01,-0.012
"661","Kosovo",2009-03-01,-0.02
"662","Kosovo",2009-04-01,-0.035
"663","Kosovo",2009-05-01,-0.044
"664","Kosovo",2009-06-01,-0.04
"665","Kosovo",2009-07-01,-0.037
"666","Kosovo",2009-08-01,-0.03
"667","Kosovo",2009-09-01,-0.027
"668","Kosovo",2009-10-01,-0.026
"669","Kosovo",2009-11-01,-0.013
"670","Kosovo",2009-12-01,0.001
"671","Kosovo",2010-01-01,0.006
"672","Kosovo",2010-02-01,0.011
"673","Kosovo",2010-03-01,0.008
"674","Kosovo",2010-04-01,0.017
"675","Kosovo",2010-05-01,0.022
"676","Kosovo",2010-06-01,0.022
"677","Kosovo",2010-07-01,0.027
"678","Kosovo",2010-08-01,0.059
"679","Kosovo",2010-09-01,0.059
"680","Kosovo",2010-10-01,0.06
"681","Kosovo",2010-11-01,0.062
"682","Kosovo",2010-12-01,0.066
"683","Kosovo",2011-01-01,0.074
"684","Kosovo",2011-02-01,0.095
"685","Kosovo",2011-03-01,0.108
"686","Kosovo",2011-04-01,0.106
"687","Kosovo",2011-05-01,0.104
"688","Kosovo",2011-06-01,0.092
"689","Kosovo",2011-07-01,0.083
"690","Kosovo",2011-08-01,0.053
"691","Kosovo",2011-09-01,0.048
"692","Kosovo",2011-10-01,0.047
"693","Kosovo",2011-11-01,0.042
"694","Kosovo",2011-12-01,0.036
"695","Kosovo",2012-01-01,0.029
"696","Kosovo",2012-02-01,0.017
"697","Kosovo",2012-03-01,0.006
"698","Kosovo",2012-04-01,0.012
"699","Kosovo",2012-05-01,0.011
"700","Kosovo",2012-06-01,0.017
"701","Kosovo",2012-07-01,0.022
"702","Kosovo",2012-08-01,0.031
"703","Kosovo",2012-09-01,0.041
"704","Kosovo",2012-10-01,0.038
"705","Kosovo",2012-11-01,0.035
"706","Kosovo",2012-12-01,0.037
"707","Kosovo",2013-01-01,0.036
"708","Kosovo",2013-02-01,0.026
"709","Kosovo",2013-03-01,0.026
"710","Kosovo",2013-04-01,0.024
"711","Kosovo",2013-05-01,0.022
"712","Kosovo",2013-06-01,0.026
"713","Kosovo",2013-07-01,0.023
"714","Kosovo",2013-08-01,0.012
"715","Kosovo",2013-09-01,0.002
"716","Kosovo",2013-10-01,0.002
"717","Kosovo",2013-11-01,0.008
"718","Kosovo",2013-12-01,0.005
"719","Kosovo",2014-01-01,0.002
"720","Kosovo",2014-02-01,0.001
"721","Kosovo",2014-03-01,0.003
"722","Kosovo",2014-04-01,0.003
"723","Kosovo",2014-05-01,0.005
"724","Kosovo",2014-06-01,0.004
"725","Kosovo",2014-07-01,0.008
"726","Kosovo",2014-08-01,0.009
"727","Kosovo",2014-09-01,0.014
"728","Kosovo",2014-10-01,0.006
"729","Kosovo",2014-11-01,0.001
"730","Kosovo",2014-12-01,-0.004
"731","Kosovo",2015-01-01,-0.006
"732","Kosovo",2015-02-01,-0.003
"733","Kosovo",2015-03-01,-0.004
"734","Kosovo",2015-04-01,-0.004
"735","Kosovo",2015-05-01,-0.005
"736","Kosovo",2015-06-01,-0.004
"737","Kosovo",2015-07-01,-0.007
"738","Kosovo",2015-08-01,-0.007
"739","Kosovo",2015-09-01,-0.012
"740","Kosovo",2015-10-01,-0.008
"741","Kosovo",2015-11-01,-0.003
"742","Kosovo",2015-12-01,-0.001
"743","Kosovo",2016-01-01,0.001
"744","Kosovo",2016-02-01,0.001
"745","Kosovo",2016-03-01,0.001
"746","Kosovo",2016-04-01,-0.001
"747","Kosovo",2016-05-01,-0.001
"748","Kosovo",2016-06-01,-0.003
"749","Kosovo",2016-07-01,0
"750","Kosovo",2016-08-01,0
"751","Kosovo",2016-09-01,0.006
"752","Kosovo",2016-10-01,0.009
"753","Kosovo",2016-11-01,0.009
"754","Kosovo",2016-12-01,0.013
"755","Kosovo",2017-01-01,0.017
"756","Kosovo",2017-02-01,0.017
"757","Kosovo",2017-03-01,0.015
"758","Kosovo",2017-04-01,0.022
"759","Kosovo",2017-05-01,0.015
"760","Kosovo",2017-06-01,0.019
"761","Kosovo",2017-07-01,0.017
"762","Kosovo",2017-08-01,0.017
"763","Kosovo",2017-09-01,0.017
"764","Kosovo",2017-10-01,0.009
"765","Kosovo",2017-11-01,0.009
"766","Kosovo",2017-12-01,0.005
"767","Kosovo",2018-01-01,-0.002
"768","Kosovo",2018-02-01,0
"769","Kosovo",2018-03-01,0.001
"770","Kosovo",2018-04-01,0.004
"771","Kosovo",2018-05-01,0.01
"772","Kosovo",2018-06-01,0.008
"773","Kosovo",2018-07-01,0.012
"774","Kosovo",2018-08-01,0.015
"775","Kosovo",2018-09-01,0.014
"776","Kosovo",2018-10-01,0.015
"777","Kosovo",2018-11-01,0.021
"778","Kosovo",2018-12-01,0.029
"779","Kosovo",2019-01-01,0.031
"780","Kosovo",2019-02-01,0.032
"781","Kosovo",2019-03-01,0.033
"782","Kosovo",2019-04-01,0.034
"783","Kosovo",2019-05-01,0.034
"784","Kosovo",2019-06-01,0.03
"785","Kosovo",2019-07-01,0.026
"786","Kosovo",2019-08-01,0.027
"787","Kosovo",2019-09-01,0.024
"788","Kosovo",2019-10-01,0.022
"789","Kosovo",2019-11-01,0.017
"790","Kosovo",2019-12-01,0.012
"791","Kosovo",2020-01-01,0.015
"792","Kosovo",2020-02-01,0.01
"793","Kosovo",2020-03-01,0.007
"794","Kosovo",2020-04-01,0.003
"795","Kosovo",2020-05-01,0.002
"796","Kosovo",2020-06-01,0.001
"797","Kosovo",2020-07-01,-0.001
"798","Kosovo",2020-08-01,-0.005
"799","Kosovo",2020-09-01,-0.004
"800","Kosovo",2020-10-01,-0.002
"801","Kosovo",2020-11-01,-0.003
"802","Kosovo",2020-12-01,0.001
"803","Kosovo",2021-01-01,-0.002
"804","Kosovo",2021-02-01,0.007
"805","Kosovo",2021-03-01,0.012
"806","Kosovo",2021-04-01,0.019
"807","Kosovo",2021-05-01,0.02
"808","Kosovo",2021-06-01,0.024
"809","Kosovo",2021-07-01,0.035
"810","Kosovo",2021-08-01,0.047
"811","Kosovo",2021-09-01,0.049
"812","Kosovo",2021-10-01,0.057
"813","Kosovo",2021-11-01,0.069
"814","Kosovo",2021-12-01,0.067
"815","Kosovo",2022-01-01,0.071
"816","Kosovo",2022-02-01,0.075
"817","Kosovo",2022-03-01,0.1
"818","Kosovo",2022-04-01,0.112
"819","Kosovo",2022-05-01,0.125
"820","Kosovo",2022-06-01,0.141
"821","Kosovo",2022-07-01,0.142
